Close,Close,Close,Close,Close,Close,Close,Close,Close,Close,Close,Close,Close,Close,Close,Close,Close,Close,Close,Close,Close,Close,Close,Close,Close,Close,Close,Close,Close,Close,Close,Close,Close,Close,Close,Close,Close,Close,Close,Close,Close,Close,Close,Close,Close,Close,Close,Close,Close,Close,Close,Close,Close,Close,Close,Close,Close,Close,Close,Close,Close,Close,Close,Close,Close,Close,Close,Close,Close,Close,Close,Close,Close,Close,Close,Close,Close,Close,Close,Close,Close,Close
149.259995,157.210007,77.699997,102.889999,109.75,44.91,133.429993,43.310001,168.160004,953.289978,61.779999,249.619995,222.479996,283.149994,80.599998,32.560001,127.43,64.93,107.440002,396.450012,52.18,133.869995,30.68,135.639999,40.799999,48.700001,69.519997,22.34,21.09,56.650002,74.25,116.839996,34.240002,60.330002,145.029999,39.970001,167.779999,120.769997,26.889999,27.370001,61.130001,906.659973,31.459999,94.839996,85.410004,37.630001,190.679993,120.889999,34.919998,135.910004,327.566681,97.349998,41.259998,89.010002,32.689999,5.52,33.709999,21.120001,241.949997,99.080002,16.42,43.110001,54.360001,72.150002,197.800003,43.709999,62.830002,55.860001,166.759995,274.73999,159.149994,55.77,1801.540039,51.98,469.73999,58.560001,140.850006,101.010002,53.150002,54.759998,81.07,5786.540039
152.25,159.779999,79.169998,103.720001,111.010002,45.810001,138.199997,44.450001,170.070007,966.900024,64.260002,255.190002,226.110001,286.720001,81.459999,32.509998,130.289993,65.370003,108.910004,397.049988,52.509998,135.259995,31.27,136.149994,41.349998,49.919998,70.150002,22.49,21.219999,57.450001,74.949997,119.029999,34.810001,61.619999,147.610001,41.400002,169.639999,122.620003,26.98,27.43,61.34,924.690002,32.290001,94.550003,85.650002,37.599998,194.759995,123.860001,34.650002,138.149994,332.200012,97.900002,42.150002,91.699997,33.290001,5.67,34.389999,21.4,243.289993,102,16.309999,43.439999,55.380001,73.160004,197.990005,44.389999,64.379997,56.900002,169.339996,277,162.550003,56.110001,1818.199951,52.349998,478.649994,59.189999,143.160004,103.010002,54.450001,56.169998,82.050003,5873.330078
151.100006,159.979996,79.07,103.459999,110.650002,45.419998,135.669998,44.02,169,958,64.010002,256.920013,224.990005,282.640015,81.400002,32.389999,129.190002,64.769997,108.059998,390.329987,53.310001,134.050003,30.92,134.75,40.650002,48.869999,70.019997,22.49,21.200001,57.279999,74.32,118.18,34.889999,60.93,148.089996,41.16,168.710007,122.150002,26.66,27.15,64.010002,927,31.01,93.919998,85.230003,37.189999,193.619995,123.650002,34.66,135.520004,328.890015,97.089996,42.439999,91.449997,32.619999,5.56,33.639999,21.16,243.539993,100.43,16.040001,43.099998,55.16,72.720001,195.259995,44.830002,64,57.150002,169.059998,276.059998,165.800003,55.77,1813.02002,52.23,477.149994,58.919998,142.839996,102.709999,54.080002,57.040001,81.209999,5851.779785
150.809998,159.270004,79.269997,104.589996,110.610001,45.23,137.779999,43.720001,169.949997,952.450012,63.43,255.050003,224.860001,285.450012,82.449997,32.419998,130.050003,65.050003,109.169998,389.230011,52.849998,133.199997,31.24,134.100006,40.139999,48.380001,69.82,22.52,21.25,57.310001,78.5,117.82,34.880001,60.509998,149.940002,41.150002,167.740005,121.510002,26.610001,27.1,64.230003,921.280029,31.02,95.050003,85.529999,37.540001,193.960007,123.82,34.709999,135.330002,330.193329,96.559998,42.07,90.300003,32.599998,5.58,33.529999,21.719999,243.619995,99.949997,16.24,41.880001,54.98,72.690002,196.440002,45.669998,63.970001,57.73,168.130005,270.579987,165.190002,55.540001,1815.51001,52.490002,485.26001,58.330002,142.699997,102.5,53.939999,57.689999,80.260002,5834.439941
151.449997,159.860001,78.970001,104.589996,114.970001,44.98,137.539993,43.310001,169.740005,945.26001,62.580002,245.589996,225.550003,285.059998,81.879997,32.5,129.679993,65.25,108.709999,388.790009,52.48,133.820007,31.440001,134.649994,40.200001,48.849998,69.779999,22.66,21.389999,56.639999,80.389999,116.93,34.68,60.790001,149.259995,41.459999,166.320007,122.32,26.719999,27.25,64.75,915.890015,31.25,95.199997,85.785004,37.91,192.190002,121.760002,34.669998,137.350006,326.209991,97.660004,40.869999,90.480003,32.740002,5.58,33.75,21.860001,246.410004,100.660004,16.469999,41.48,55.220001,72.82,202.279999,45.040001,63.740002,57.720001,165.949997,267.350006,163.809998,56.220001,1793.47998,52.029999,477.799988,59.380001,144.600006,101.980003,54.360001,59.580002,79.669998,5822.529785
151.789993,161.470001,79.440002,104.760002,111.480003,45.139999,139.020004,43.630001,171.779999,946.02002,62.75,243.25,219.990005,292.299988,82.580002,32.610001,131.649994,64.629997,109.029999,389.230011,52.169998,133.860001,31.540001,133.899994,40.34,49.5,69.959999,22.809999,21.52,56.66,80.379997,118.730003,34.810001,61.169998,142.529999,41.580002,167.240005,122.830002,26.76,27.25,65.18,913.809998,31.49,94.629997,84.790001,37.490002,197.050003,123.540001,34.650002,137.899994,328.666656,99.120003,40.349998,91.540001,32.689999,5.58,33.779999,22.15,242.539993,100.709999,16.469999,41.299999,55.16,72.830002,198.059998,45.139999,63.720001,57.880001,167.119995,266.829987,164.970001,56.490002,1789.910034,51.810001,479.220001,59.02,146.300003,100.699997,54.400002,58.959999,79.230003,5838.080078
152.139999,162.910004,79.550003,105.120003,111.269997,45.709999,138.380005,44.02,172.229996,954.059998,63.48,241.729996,220.690002,293.579987,82.980003,32.669998,132.440002,65.269997,109.050003,388.820007,52.16,132.970001,31.48,135.25,40.16,49.779999,69.650002,22.450001,21.18,57.77,79.699997,119.230003,35.200001,61.380001,143.990005,41.41,168.050003,123.019997,26.91,27.35,65.760002,921.289978,31.450001,94.830002,84.214996,37.77,195.940002,124.970001,34.73,138.009995,329.133331,100.059998,40.84,92.389999,32.59,5.63,33.59,21.99,240.899994,100.230003,16.110001,41.889999,55.369999,73.050003,197.020004,44.75,63.470001,57.639999,168.809998,265.149994,164.699997,56.59,1807.060059,51.810001,479.029999,58.689999,145.509995,101.519997,54.099998,58.759998,79.519997,5862.140137
153.669998,163.350006,83.720001,105.93,113.290001,46.470001,138.449997,45.470001,173.649994,967.590027,65.68,246.020004,223.880005,303.75,87.650002,32.93,134.339996,66.129997,110.169998,393.369995,52.720001,133.770004,31.99,136.100006,40.82,50.41,69.669998,22.190001,20.85,57.200001,79.720001,121.970001,35.689999,61.529999,143.440002,42.060001,169.919998,123.209999,27.01,27.450001,66.089996,929.570007,31.5,95.279999,84.809998,37.919998,199.740005,138.270004,34.889999,139.970001,332.013336,99.779999,41.939999,93.529999,32.810001,5.7,33.810001,22.07,246.75,103.639999,16.120001,41.630001,55.950001,74.010002,198.089996,45.560001,64.25,58.220001,174.690002,275.570007,165.679993,56.619999,1813,52.119999,487.119995,58.43,145.770004,103.940002,54.52,58.950001,80.160004,5932.899902
155.160004,164,83.669998,106.470001,114.459999,47.150002,142.410004,45.119999,177.770004,980.599976,65.559998,252.070007,228.050003,316.559998,90.190002,33.18,138.929993,67.779999,111.870003,398.540009,51.450001,135.009995,32.209999,138.990005,40.610001,50.200001,70.769997,22.209999,21.01,57.290001,79.639999,121.5,36.130001,62.82,148.360001,42.669998,171.970001,123.709999,27.1,27.59,66.059998,939.330017,31.530001,98.25,86.839996,38.599998,204.460007,137.410004,35.07,141.449997,334.890015,98.889999,41.91,93.690002,33.029999,5.75,34,22.120001,258.470001,103.580002,16.219999,40.66,55.82,74.769997,196.130005,46.66,64.709999,59.459999,174.710007,275.839996,169.440002,57.029999,1852.079956,52.27,496.899994,58.450001,149.389999,105.360001,54.860001,59.509998,81.050003,5988.600098
155.059998,164.050003,84.379997,107.349998,113.709999,47.080002,144.080002,45.099998,178.710007,978.25,65.120003,252.729996,232.639999,321.01001,90.669998,33.259998,139.380005,68.279999,110.889999,392.480011,50.630001,134.559998,32.299999,143.419998,41.060001,49.779999,70.830002,22.16,20.92,58.470001,81.059998,119.309998,36.349998,62.16,148.229996,42.48,172.020004,123,26.98,27.49,65.989998,937.340027,31.799999,98.339996,86.764999,38.509998,207.149994,138.029999,35.09,141.899994,335.583344,99.349998,41.990002,94.080002,33,5.69,33.900002,22.719999,251.910004,103.800003,16.48,40.880001,56.080002,73.940002,196.990005,46.990002,64.160004,58.540001,174.740005,269.890015,170.460007,57.07,1850.819946,52.049999,504,58.919998,151.839996,105.57,54.93,59.540001,80.980003,5987.899902
154.279999,162.080002,83,106.43,113.769997,46.169998,144.720001,44.48,176.740005,965.27002,65.050003,249.050003,225.300003,315.829987,90.489998,33.02,139.350006,67.550003,110.019997,393.320007,50.299999,133.289993,31.620001,142.5,40.669998,48.990002,70.540001,21.620001,20.41,57.150002,82.489998,118.209999,36.09,61.75,147.610001,42.040001,170.720001,121.860001,26.09,26.58,64.510002,928.450012,32.75,95.519997,86.175003,38.919998,207.220001,135.339996,35.02,141.539993,340.480011,98.610001,41.400002,93.660004,32.84,5.59,33.810001,22.469999,256.630005,102.279999,16.209999,40.73,56.349998,73.610001,200.380005,46.439999,63.639999,56.689999,174.520004,269.079987,165.910004,56.709999,1842.890015,50.029999,494.359985,58.990002,152.470001,106.93,55.130001,59.380001,80.620003,5932.72998
153.759995,161.910004,82.510002,108.050003,113.790001,46.889999,145.119995,44.73,178.380005,967.799988,64,249.380005,226.970001,317.359985,89.839996,33.07,140.160004,67.629997,111.019997,402.5,50.299999,133.399994,31.870001,143.380005,41.169998,50.209999,70.93,21.860001,20.629999,57.599998,82.730003,117,36.759998,62.689999,144.389999,42.369999,172.089996,122.410004,25.969999,26.43,64.110001,927.809998,32.790001,93.660004,86.220001,39.060001,207.419998,135.860001,35.759998,141.139999,340.790009,99.089996,41.639999,94.5,33.299999,5.6,34.360001,22.959999,257.880005,101.800003,15.69,40.59,56.330002,73.400002,202.279999,46.560001,63.790001,57.119999,179.25,271.070007,165.809998,57.200001,1842.449951,50.450001,500.220001,59.150002,155.399994,106.169998,54.310001,60.02,81.059998,5951.129883
155.470001,161.259995,81.099998,108.919998,114.050003,46.799999,143.5,45.220001,180.710007,979.469971,65.830002,246.550003,233.179993,323.899994,90.43,33.25,141.759995,69,111.419998,395.640015,51.23,133.139999,31.76,145.75,38.599998,51.470001,71.419998,21.34,20.1,55.48,83.230003,118.93,38.009998,62.34,143.970001,41.93,173.210007,122.830002,25.379999,25.790001,64.32,935.950012,32.34,92.669998,87.415001,38.900002,210.199997,134.339996,35.540001,141,345.48999,100.739998,41.830002,95.32,32.130001,5.55,33.060001,22.450001,258.679993,101.760002,15.56,40.959999,56.360001,74.339996,200.380005,46.360001,63.34,55.860001,179,275.100006,166.580002,57.009998,1845.369995,50.380001,471.920013,58.549999,157.800003,106.43,53.470001,60.939999,82,5964.310059
155.339996,158.630005,80.440002,108.410004,114.440002,46,141.190002,44.349998,180.639999,965.900024,64.93,244.110001,229.229996,326.329987,90.099998,33.16,140.5,69.349998,112.629997,392.899994,51.540001,133.720001,31.48,144.429993,38.209999,51.139999,71.099998,21.25,20.059999,54.599998,82.830002,118.279999,37.790001,62.900002,141.410004,42.689999,170.949997,122.660004,25.379999,25.790001,63.669998,926.5,31.99,94.089996,87.669998,38.799999,209.679993,129.460007,35.189999,141.559998,347.529999,101.839996,41.150002,94.349998,31.559999,5.48,32.619999,22.68,259.980011,103.43,15.28,40.630001,56.32,73.980003,199.100006,45.869999,62.740002,55.119999,176.419998,273.040009,163.690002,56.900002,1838.569946,49.639999,471.48999,58.52,160.080002,104.639999,53.490002,60.310001,82.480003,5913.370117
156.869995,161.5,82.220001,107.5,116.480003,46.470001,142.929993,45.580002,186.490005,977.960022,66.160004,247.740005,233.5,326.540009,90.360001,33.41,140.919998,70.489998,112.699997,381.01001,52.459999,135,32.189999,145.899994,37.830002,52.07,72.18,20.799999,19.620001,54.560001,83.400002,121.190002,38.09,63.669998,144.119995,42.959999,173.509995,124.32,25.67,26.059999,64.720001,929.080017,30.950001,95.800003,88.785004,39.200001,212.240005,124.949997,35.77,142.639999,348.493347,101.5,42.040001,97.169998,31.040001,5.53,32.07,22.700001,285.26001,104.629997,15.58,41.189999,56.66,74.760002,196.410004,46.52,63.029999,56.650002,181.740005,271.809998,169,57.330002,1868.859985,50.57,445.109985,59.27,161.669998,107.190002,54.02,60.93,82.029999,5980.529785
156.309998,160.860001,82.150002,107.919998,116.160004,46.799999,144.070007,45.650002,191,982.580017,66.089996,247.139999,237.600006,329.690002,91.910004,33.549999,142.070007,70.980003,112.349998,381.570007,52.380001,134.679993,32.41,145.919998,37.900002,51.919998,72.839996,21,19.77,54.59,83.980003,120.410004,38.18,62.639999,145.360001,43.549999,172.960007,124.580002,25.459999,25.9,65,932.070007,31.889999,94.919998,87.959999,38.189999,213.929993,123.150002,36.09,142.380005,348.333344,101.589996,43.290001,97.949997,31.889999,5.59,32.700001,23.190001,290.790009,105.080002,15.7,40.98,56.080002,74.68,199.270004,46.639999,62.98,57.200001,185.149994,271.350006,169.610001,58.16,1868.640015,50.900002,444.480011,60.669998,162.490005,106.870003,53.540001,61.700001,82.900002,5995.640137
156.240005,159.649994,82.059998,107.199997,116.18,46.68,146.460007,46.119999,189.699997,999.599976,65.400002,246.240005,236.410004,324.049988,92.75,33.459999,141.259995,70.510002,113.339996,385.130005,52.990002,135.25,32.18,145.470001,37.959999,52.07,72.269997,21.200001,19.959999,53.939999,84.410004,119.599998,38.27,63.240002,145.660004,43.549999,173.050003,123.989998,26.15,26.59,66.970001,935.090027,32.779999,95.959999,84.440002,37.560001,213.429993,123.589996,36.330002,142.059998,347.626678,100.589996,45.27,96.739998,31.639999,5.42,32.450001,23.209999,292.209991,106.769997,16.1,41.119999,56.380001,75.209999,208.009995,46.84,62.799999,57.790001,183.639999,270.269989,170.369995,58.040001,1871.170044,51.009998,437.73999,61.41,159.699997,106.800003,54.290001,62.400002,81.449997,6004.379883
154.949997,158.279999,82.339996,106.790001,115.470001,46.599998,144.610001,47.049999,189.440002,992.210022,65.169998,246.949997,237.330002,323.660004,91.230003,33.169998,140.610001,71.940002,112.760002,376,52.970001,134.610001,32.189999,144.100006,37.599998,52.080002,71.739998,21.48,20.200001,53.07,83.459999,119.190002,38.310001,62.34,143.380005,43.560001,170.960007,123.550003,26,26.5,67.839996,925.109985,32.650002,95.07,80.574997,37.740002,211.039993,119.760002,36.48,142.080002,346.833344,99.830002,45.25,97.459999,31.58,5.44,32.419998,23.110001,287.920013,106.389999,15.84,40.68,56.580002,74.769997,207.130005,46.799999,61.169998,57.720001,182.630005,268.5,169.399994,57.509998,1845.290039,51.48,441.26001,60.599998,157.830002,107.080002,54.529999,62.5,80.690002,5968.819824
154.490005,159.880005,83.839996,106.779999,114.129997,47.34,146.690002,47.139999,187.470001,986.789978,65,250.550003,235.210007,321.26001,91.910004,33.099998,142.039993,71.480003,113,369.470001,52.400002,134.149994,32.439999,143.220001,36.93,52.48,71.82,21.940001,20.639999,52.950001,83.480003,119.419998,38.400002,62.650002,142.130005,43.93,171.639999,124.050003,26.65,27.049999,68.330002,920.289978,33.549999,94.839996,82.879997,37.720001,210.720001,119.150002,37,142.130005,346.01001,101.57,44.91,98.639999,32.130001,5.51,32.919998,23.120001,282.709991,105.389999,15.86,40.860001,56.18,75.309998,209.860001,47,61.169998,56.740002,182.350006,271.070007,180.110001,57.849998,1843.199951,52.189999,433.450012,60.709999,158.460007,109.550003,54.669998,63.16,81.029999,5988
155.770004,158.669998,85.169998,106.550003,113.839996,47.57,143.639999,48.049999,186.470001,974.190002,64.199997,249.820007,239.070007,318.179993,91.980003,32.990002,142.839996,69.300003,112.910004,368.170013,53.189999,134.300003,32.52,143.839996,37.110001,51.849998,72.040001,21.32,20.139999,52.849998,83.190002,119.959999,38.389999,62.009998,142.160004,44.099998,170.009995,125.529999,26.030001,26.5,69.699997,915,33.52,93.239998,80.900002,37.360001,209.399994,118.400002,37,143.800003,348.763336,102.760002,44.740002,100.910004,32.290001,5.48,33.119999,22.73,289.709991,105.540001,14.87,40.709999,56.669998,75.160004,210.080002,47.299999,61.799999,56.349998,184.619995,293.299988,187.550003,58.080002,1854.180054,52.25,434.640015,60.810001,155.660004,107.489998,54.689999,61.349998,81.769997,5981.120117
156.600006,158.729996,85.239998,107.480003,113.080002,47.689999,142.830002,48.259998,186.320007,969.859985,64.309998,249.759995,237.850006,317.929993,92.099998,32.900002,143.470001,69.660004,112.980003,364.019989,53.02,134.75,32.490002,147.009995,37.299999,51.779999,72.5,21.290001,20.059999,53.380001,83.43,120.209999,38.59,61,141.470001,44.200001,172.520004,125.169998,26.27,26.700001,69.82,921.809998,32.18,94.989998,79.139999,37.130001,204.949997,117.089996,37.23,145.339996,348.48999,102.669998,44.330002,102.010002,32.360001,5.47,33.32,22.65,289.970001,107.349998,15.05,40.580002,56.259998,75.440002,202.910004,47.16,65.419998,55.459999,185.679993,287.279999,187.350006,58.07,1859.780029,52.299999,431.380005,61.150002,155.509995,107.93,54.619999,61.25,81.709999,5991.080078
149.960007,156.070007,83.690002,106.830002,112.730003,47.669998,142.919998,47.279999,188.169998,973.210022,65,242.910004,237.960007,319,92.57,32.610001,144.240005,69.699997,111.269997,367.01001,53.450001,136.520004,32.599998,145.690002,37.459999,52.810001,72.459999,21.26,20.07,53.560001,83.419998,120.339996,38.540001,61.82,143.009995,44.560001,172.169998,125.099998,26.379999,26.870001,69.489998,931.580017,32.380001,95.519997,80.389999,37.380001,203.089996,114.870003,37.07,144.970001,348.790009,104.260002,44.439999,99.660004,32.650002,5.5,33.810001,23.190001,290.200012,107.690002,15.01,40.41,55.950001,74.940002,203.259995,46.439999,63.52,54.360001,185.509995,283.559998,185.839996,58.509998,1866.209961,51.98,438.170013,60.919998,153.399994,103.510002,55.150002,60.610001,82.089996,5973.609863
149.300003,153.389999,84.239998,106.790001,112.290001,47.52,142.919998,47.150002,186.639999,964.650024,64.110001,240.380005,238.919998,315.029999,93.419998,32.360001,143.779999,69.480003,110.82,361.079987,53.419998,137.449997,32.700001,145.399994,37.470001,52.849998,71.860001,21.35,20.299999,53.25,83.139999,118.019997,38.25,61.720001,143.119995,44.490002,171.110001,124.760002,26.33,26.76,68.910004,932.450012,32.720001,94.839996,79.32,37.529999,200.240005,115.050003,37.200001,144.490005,343.40332,104.669998,42.98,99.519997,32.610001,5.49,33.669998,23.129999,281.869995,107.57,15,40.189999,55.57,74.209999,202.259995,46.43,63.389999,54.400002,188.779999,277.619995,180.759995,58.189999,1866.349976,52.029999,433.450012,60.91,155.360001,102.129997,55.009998,60.75,81.949997,5934.910156
148.5,151.889999,84.919998,108.160004,111.779999,48.330002,142.820007,47.77,185.759995,955.099976,63.900002,239.240005,240.570007,318.459991,94.949997,32.68,143.889999,69.629997,111.989998,360.299988,52.91,136.649994,33.369999,144.910004,38.099998,53.099998,72.059998,21.41,20.42,53.259998,84.620003,118.5,38.290001,62.290001,145.770004,44.25,170.539993,126.230003,26.43,26.879999,69.330002,928.530029,33.57,96.139999,79.599998,37.57,201.410004,110.849998,37.18,146.320007,343.839996,105.75,42.369999,100.589996,33.07,5.54,34.25,23.76,279.459991,107.879997,14.52,40.049999,55.810001,74.410004,209.589996,46.93,64.059998,54.02,187.350006,271.609985,179,59.75,1862.130005,52.09,432.720001,60.889999,155.089996,103.080002,55.09,61.119999,82.309998,5932.319824
144.570007,150.550003,83.879997,108.82,109.82,47.919998,143.960007,46.330002,186.289993,939.789978,62.139999,235.509995,234.490005,317.51001,94.389999,33.009998,144.940002,69.389999,110.959999,357.579987,52.509998,136.869995,33.720001,141.130005,37.91,53.330002,71.690002,21.35,20.360001,54,84.989998,114.199997,37.779999,62.470001,142.720001,44.529999,162.869995,127.110001,26.610001,27.120001,69.449997,920.969971,33.16,96.599998,80.339996,37.360001,201.380005,109.690002,37.16,144.740005,339.113342,104.93,40.93,99.010002,32.869999,5.5,33.860001,24.120001,270.220001,108.870003,14.71,40.5,55.169998,73.260002,215.149994,46.700001,62.889999,53.599998,178.550003,263.690002,171,60.029999,1829.550049,51.619999,438.149994,62.860001,154.630005,99.589996,54.950001,62.84,82.029999,5867.350098
145.399994,153.139999,83.910004,108.269997,110.610001,47.830002,139.699997,45.919998,185.600006,938.599976,61.759998,237.270004,236.190002,317.059998,93.199997,33.16,143.630005,69.870003,111.739998,359.040009,51.75,136.100006,33.759998,144.619995,37.810001,53.580002,71.620003,21.280001,20.290001,52.150002,84.889999,113.919998,37.849998,63.049999,143.389999,45.240002,164.210007,127.480003,26.42,26.950001,69.519997,924.859985,32.869999,97.419998,80.389999,37.419998,198.440002,109.150002,37.470001,144.770004,338.880005,107.080002,40.32,99.169998,32.669998,5.44,33.810001,24.040001,269.269989,108.07,14.98,40.630001,55.200001,73.260002,212.949997,46.759998,63.029999,54.889999,179.380005,258.190002,171.960007,59.939999,1825.920044,51.130001,434.970001,63.790001,150.699997,99.349998,55.130001,62.849998,81.900002,5881.339844
146.429993,154.229996,84.919998,109.639999,111.959999,47.75,139.449997,48.84,184.880005,950.869995,63.09,240.580002,239.820007,312.799988,92.709999,33.25,142.970001,71.07,112.720001,362.850006,52.32,144.009995,33.48,145.279999,38.529999,53.830002,71.910004,21.469999,20.34,53.310001,85.669998,115.970001,38.049999,62.959999,145.570007,45.529999,167.679993,128.360001,26.77,27.32,70.43,944.48999,33.18,97.160004,81.129997,37.169998,197.759995,110.309998,37.540001,144.360001,341.359985,108.879997,39.709999,104.169998,32.869999,5.53,34.040001,24.17,267.399994,108.360001,15.01,40.57,54.880001,73.849998,214.509995,47.369999,62.389999,52.830002,181.970001,257.76001,175.729996,60.349998,1818.98999,51.549999,435.429993,64.839996,150.770004,101.599998,54.990002,62.91,81.980003,5937.790039
146.830002,153.279999,85.639999,109.019997,111.449997,47.68,138.339996,50.619999,185.460007,956.400024,63.540001,242.940002,241.279999,310,92.970001,33.009998,142.759995,70.779999,112.370003,360.950012,52.82,142.770004,33.349998,144.380005,37.82,53.689999,72.139999,21.389999,20.24,53.009998,85.68,116.610001,37.73,63.07,142.839996,45.73,168.729996,128.210007,26.01,26.559999,70.190002,949.5,32.98,97.010002,80.860001,36.650002,199,113.139999,37.830002,142.309998,341.959991,108.900002,38.650002,104.919998,32.049999,5.44,33.169998,23.370001,261.98999,110,15.01,40.52,55.48,73.870003,215.279999,47.66,61.919998,53.650002,180.699997,257.350006,175.679993,60.259998,1811.689941,51.75,435.109985,64.800003,151.550003,101.239998,54.5,63.110001,82.400002,5933.069824
149.179993,154.119995,86.169998,109.32,112.260002,48.720001,140.289993,52.09,186.449997,961.349976,64.510002,242.539993,247.690002,313.119995,93.07,33.380001,145.820007,71.32,114.019997,363.420013,52.740002,144.279999,33.630001,148.919998,38.48,54.259998,72.540001,21.290001,20.26,54.23,86.82,118.059998,38.459999,63.32,143.940002,45.580002,170.869995,128.960007,25.790001,26.379999,70.830002,959.109985,33.169998,97.669998,81.989998,36.689999,199.199997,116.739998,38.080002,142.139999,348.626678,111.080002,38.200001,106,32.700001,5.52,33.91,23.57,258.929993,110.260002,15.48,40.66,55.25,74.489998,215.369995,47.709999,61.66,54.049999,181.350006,263.809998,178.770004,59.959999,1830.819946,51.84,447.119995,64.57,153.139999,101.900002,53.709999,63.290001,83.190002,5979.299805
147.940002,153.809998,85.82,109.32,112.470001,50,140.919998,52.080002,187.169998,959.190002,63.389999,240.470001,248.669998,316.170013,93.730003,33.669998,146.039993,72.330002,115.209999,364.109985,52.98,145.429993,33.75,147.070007,37.970001,52.779999,72.449997,21.530001,20.41,53.830002,86.470001,117.949997,38.73,63.630001,146.839996,45.759998,169.470001,128.869995,26.049999,26.6,70.470001,953.27002,34.200001,97.650002,81.029999,37.02,202.229996,115.190002,39.040001,141.740005,353.493347,108.989998,39.099998,104.949997,32.84,5.5,34.119999,23.969999,263.649994,110.529999,15.38,41.099998,55.139999,74.610001,215.399994,47.919998,61.52,54.419998,177.009995,266.589996,179,59.810001,1857.469971,51.880001,462.23999,64.690002,156.270004,102.279999,53.810001,62.990002,83.519997,5981.919922
148.600006,154.479996,85.900002,110.709999,113.629997,50.5,141.479996,51.84,187.229996,957.099976,63.450001,239.5,247,317.390015,93.209999,33.57,146.080002,72.050003,115.839996,369.51001,54.52,147.380005,33.849998,147.089996,38.299999,52.119999,72.550003,21.530001,20.4,54.32,86.82,117.959999,38.709999,63.650002,146.210007,45.799999,169.960007,128.830002,26.02,26.629999,71.150002,957.789978,34.049999,97.57,81.580002,37.700001,202.460007,112.800003,39.380001,141.850006,357.963348,109.07,39.209999,102.839996,32.029999,5.6,33.209999,23.58,264.359985,109.400002,15.68,40.939999,55.27,74.260002,213.949997,48.099998,61.68,54.73,179.190002,272.170013,179.369995,61.990002,1867.650024,52.02,455.630005,64.910004,153.630005,102.610001,53.990002,63.189999,83.75,5995.060059
147.949997,153.479996,87,111.400002,114.050003,50.5,141.929993,51.599998,188.589996,965.450012,62.630001,242,243.970001,314.920013,93.199997,33.66,146.520004,71.790001,115.760002,371.089996,55.490002,147.199997,33.439999,146.970001,38.59,51.82,72.650002,21.719999,20.57,54.09,89.050003,118.559998,38.66,63.98,147.600006,45.650002,168.419998,128.580002,26.459999,27.1,71.129997,951.679993,33.98,97.68,81.739998,37.779999,205.770004,113.830002,39.34,142.669998,361.633331,108.660004,38.34,103,30.99,5.73,32.099998,23.280001,263.809998,108.82,15.72,41.02,55.220001,74.690002,212.160004,48.419998,61.5,55.98,184.449997,270.929993,180.869995,62.610001,1888.699951,51.959999,456.049988,65.230003,154.309998,103.32,53.93,62.189999,83.870003,5998.839844
150.25,155.389999,87.889999,113.57,116.540001,50.779999,143.789993,51.43,186.850006,980.849976,63.09,243.669998,245.270004,326.73999,94.419998,33.939999,140.009995,71.559998,116,369.720001,56.23,148.009995,33.59,146.960007,38.349998,52.349998,73.199997,21.52,20.370001,54.029999,89.150002,119.519997,38.990002,64.010002,148.410004,46.040001,171.240005,128.910004,26.32,26.950001,71.529999,969.960022,34.099998,96.580002,81.580002,37.790001,205.779999,113.57,39.529999,142.860001,363.226654,106.870003,39.139999,101.669998,31.9,5.74,33,23.57,270.230011,111.269997,15.56,41.099998,55.400002,75.970001,211.179993,48.470001,61.52,58.41,194.389999,273.100006,180.770004,63.25,1909.609985,52.349998,463.399994,65.529999,153.339996,103.839996,54.599998,62.450001,83.800003,6057.140137
151.119995,155.300003,87.870003,113.480003,116.959999,50.630001,141.300003,52.400002,185.820007,989.580017,63.25,245.740005,247.690002,327.480011,94.809998,33.860001,139.210007,71.519997,116.75,367.399994,55.709999,149.080002,33.75,143.940002,38.009998,52.349998,73.800003,21.41,20.25,53.330002,89.419998,120.089996,38.810001,62.360001,147.990005,46.029999,172.229996,127.480003,26.469999,26.99,72.010002,978.890015,33.790001,96.260002,80.989998,37.689999,204.179993,114.699997,39.630001,144.179993,361.470001,106.730003,39.240002,102.470001,31.889999,5.73,33.09,23.08,268.820007,111.760002,15.55,41.130001,55.369999,76,212.940002,48.57,62.41,58.84,198.020004,276.690002,181.300003,63.619999,1918,52.490002,469.950012,65.989998,151.089996,104.959999,55.169998,61.049999,83.5,6064.569824
151.5,155.839996,87.709999,113.57,117.139999,50.310001,141.139999,52.689999,185.460007,990.98999,61.18,246.419998,252.220001,329.01001,95.019997,33.57,139.270004,71.440002,116.110001,366.049988,55.299999,149.600006,33.759998,143.369995,37.799999,52.810001,73.650002,20.83,19.790001,51.68,88.370003,118.620003,38.990002,59.220001,146.460007,45.790001,172.5,127.510002,25.969999,26.58,72.57,977,33.849998,96.620003,80.099998,36.889999,203.270004,113.989998,39.860001,143.960007,354.609985,105.910004,38.91,103.949997,31.290001,5.72,32.369999,22.35,269.920013,112.760002,15.6,40.810001,55.389999,76.290001,207.820007,48.810001,61.560001,58.889999,196.869995,275.630005,185.389999,63.650002,1926.930054,52.880001,469.559998,65.290001,150.240005,104.739998,55.02,60.220001,83.330002,6058.529785
152.149994,155.899994,87.989998,114.110001,117.050003,51.029999,143.839996,52.59,185.789993,987.200012,61.450001,245.990005,262.410004,332.829987,94.330002,33.639999,139.690002,71.410004,117.279999,364.920013,54.610001,150.240005,33.549999,142.539993,37.689999,52.389999,74,20.530001,19.4,51.700001,89.300003,117.82,38.84,58.18,146.429993,44.860001,171.589996,127.870003,26.15,26.77,72.480003,972.599976,33.75,96.190002,79.889999,36.860001,204.149994,114.769997,39.650002,144.179993,354.98999,106.169998,40.169998,104.449997,30.66,5.65,31.809999,22.25,273.640015,114.080002,15.51,41.450001,55.360001,76.290001,209.869995,48.98,61.23,59.16,195.080002,269.329987,188.929993,63.709999,1916.650024,53.869999,461.130005,64.839996,151.5,104.349998,55.419998,60.299999,83.739998,6063.52002
153.649994,156.550003,88.57,113.089996,118.57,50.52,141.229996,53.23,184.149994,995,61.360001,250.399994,260.320007,333.190002,94.93,33.630001,139.559998,71.519997,117.709999,365.119995,54.310001,150.669998,33.59,143.270004,37.419998,53.080002,73.599998,20,18.93,51.650002,91.230003,116.050003,38.310001,57.709999,147.169998,44.509998,172.740005,126.739998,25.48,26.110001,72.760002,989.25,33.5,96.610001,80.669998,36.66,206.690002,111.620003,39.299999,143.660004,360.290009,105.68,39.619999,104.589996,31.49,5.72,32.459999,22.360001,274.48999,114.129997,15.66,41.709999,55.700001,76.419998,208.419998,49.16,61.18,58.799999,194.949997,268.799988,190.940002,63.48,1920.199951,54.119999,452.970001,64.550003,152,105.470001,55.639999,59.43,83.360001,6081.25
153.610001,156,88.830002,113.589996,118.989998,50.52,141.460007,53.310001,182.759995,1000.929993,62.049999,248.740005,259.329987,333.309998,95.129997,33.919998,138.5,71.75,117.760002,355.709991,54.740002,151.509995,33.259998,140.759995,35.950001,53.580002,74.089996,19.280001,18.23,49.029999,91.370003,117.139999,38.09,57.669998,147.979996,45.939999,172.550003,127.169998,25.49,26.139999,72.470001,987.830017,33.619999,96.599998,80.510002,36.560001,208.240005,112.730003,39.189999,145.860001,362.529999,108.349998,38.509998,104.82,30.82,5.71,31.940001,22.24,246.259995,114.459999,15.62,41.810001,55.959999,77.120003,207.009995,49.139999,61.279999,58.860001,195.860001,271.76001,191.029999,64.419998,1918.949951,53,447.149994,63.279999,152.279999,105.040001,55.970001,58.200001,83.82,6069.990234
153.929993,156.990005,89.059998,113.860001,119.629997,50.759998,140.610001,53.939999,183.009995,1002.940002,61.080002,247.960007,262.679993,337.640015,95.120003,33.880001,136.460007,73.57,119.129997,357.399994,55.189999,151.940002,33.470001,142.330002,36.009998,52.830002,74.379997,19.24,18.25,48.380001,91.5,118.620003,38.349998,57.139999,150.110001,46.580002,173.740005,127.080002,25.83,26.52,72.809998,989.679993,34.400002,96.620003,80.93,36.279999,206.919998,114.309998,39.669998,145.649994,362.290009,104.010002,38.720001,105.300003,30.98,5.71,32.040001,22.309999,244.899994,115.110001,15.74,41.68,55.830002,77.489998,209.720001,49.349998,61.389999,58.740002,199.490005,279.649994,194.589996,63.75,1929.060059,52.82,442.959991,63.119999,154.070007,106.660004,55.720001,58.82,84,6092.450195
150.460007,159.880005,88.830002,114.580002,119.199997,50.73,140.839996,55.040001,181.899994,1006.340027,61.48,246.669998,272.820007,335.679993,94.660004,33.709999,136.710007,72.080002,118.07,362.600006,55.470001,151.220001,33.540001,146.809998,36.610001,52.84,74.169998,19.059999,18.049999,49.029999,91.949997,117.480003,37.77,56.810001,148.490005,47.259998,174.520004,127.199997,26.1,26.690001,72.660004,992,34.490002,97.129997,81.910004,35.900002,206.229996,116.599998,39.759998,144.740005,353.549988,101.639999,39.669998,107.330002,31.559999,5.7,32.59,22.52,233,114.75,15.75,41.549999,56.220001,77.650002,209.020004,49.5,60.970001,58.919998,202.679993,282.579987,197.929993,63.450001,1935.550049,52.380001,445.679993,62.91,155.279999,106.980003,54.91,58.639999,84.07,6114.529785
150.380005,160.470001,88.940002,113.720001,118.720001,50.580002,143.160004,55.130001,186.190002,1009.130005,61.66,242.619995,270.320007,344.470001,93.540001,33.59,138.860001,72.510002,116.949997,357.839996,54.610001,151.050003,33.599998,146.399994,36.470001,54.23,73.970001,19.16,18.09,48.849998,91.529999,115.980003,37.490002,57.209999,149.139999,47.939999,176.110001,126.629997,26.219999,26.879999,72.370003,992.179993,33.959999,96.559998,82.449997,36.810001,206.479996,115.639999,39.790001,145.5,355,102.43,39.59,108.010002,31.51,5.71,32.470001,22.92,234.789993,115.040001,15.59,41.130001,56.52,77.589996,212.009995,49.860001,60.939999,58.610001,199.479996,279.850006,197.75,62.900002,1934.530029,52.41,442.559998,63.240002,152.050003,107.349998,54.509998,59.099998,84.309998,6122.609863
153,159.759995,89,113.93,118.540001,51,140.240005,55.34,186.279999,997,61.5,244,268.970001,344.579987,88.620003,33.73,137.169998,72.690002,118.010002,352.070007,54.27,151.160004,33.549999,145.330002,36.200001,53.68,73.940002,19.629999,18.530001,49.709999,91.470001,113.160004,37.970001,57.77,152.279999,48.450001,176.029999,127.07,26.59,27.18,72.07,992.809998,34.259998,96.720001,82.290001,36.889999,205.619995,115.139999,40.25,145.770004,354.369995,104.449997,40.32,108.089996,31.370001,5.75,32.400002,22.9,242.410004,115.769997,15.63,40.810001,56.290001,77.610001,212.990005,49.849998,60.68,57.470001,195.539993,277.730011,197.580002,63.029999,1941.869995,52.209999,439.369995,63.32,146.289993,107.339996,55.209999,58.68,84.800003,6114.350098
171.729996,155.979996,88.800003,114.620003,119.290001,51.650002,140.460007,55.330002,184.119995,986.609985,61.990002,244.289993,264.519989,342.420013,88.129997,33.93,135.960007,72.800003,117.900002,351.670013,49.799999,150.949997,33.75,145.529999,36.900002,54.060001,74.269997,20.09,18.969999,49.32,91.410004,113.07,37.290001,58.75,153.399994,48.259998,174.559998,127.550003,26.700001,27.370001,72.419998,984.450012,34.34,96.669998,83.089996,37.080002,205.179993,114.269997,40.09,146.619995,357.459991,104.790001,39.380001,108.050003,30.77,5.74,31.74,23.09,236,115.199997,15.81,40.73,55.990002,77.910004,209.300003,50.09,61.509998,54.169998,195.130005,276.709991,197.800003,63.509998,1927.859985,52.290001,440.940002,63.389999,147.820007,103.32,55.400002,58.43,84.910004,6092.620117
175.639999,156.25,88.93,115.93,120.809998,51.869999,139.020004,56.09,182.960007,982.909973,62.630001,244.240005,264.899994,338.100006,87.75,34.099998,121.330002,73.010002,118.5,350.76001,48.349998,152.199997,34.25,144.440002,37.220001,54.52,74.800003,20.290001,19.26,49.299999,92.370003,113.620003,37.610001,59.509998,152.800003,48.389999,174.979996,128.440002,26.84,27.5,72.169998,988.200012,34.939999,98.190002,84.529999,37.009998,209.880005,114.190002,40.43,147.970001,369.579987,106.580002,39,108.339996,30.68,5.76,31.629999,23.379999,235.729996,115.019997,15.97,41.02,56.459999,78.809998,205.899994,52.09,60.459999,53.73,194.160004,276.630005,196.899994,64.040001,1942.109985,52.02,432.980011,64.230003,145.25,105.150002,54.57,58.889999,84.849998,6108.819824
172.160004,156.169998,88.769997,117.010002,118.989998,51.459999,135.199997,56.369999,180.529999,966.299988,61.459999,244.270004,266.130005,328.549988,86.459999,34.290001,122.370003,72.449997,117.519997,345.070007,48.43,151.490005,34.349998,144.759995,36.549999,54.119999,74.400002,19.620001,18.66,48.98,91.720001,113.660004,36.830002,58.650002,150.679993,48.919998,171.270004,127.989998,26.01,26.690001,71.68,968.450012,39.349998,89.75,82.849998,37.200001,211.550003,113.480003,40.830002,147.320007,373.519989,107.410004,38.43,107.800003,30.4,5.7,31.35,23.16,226.350006,115.309998,15.46,41.040001,56.360001,78.830002,205.649994,52,61.470001,53.720001,192.470001,275.089996,196.619995,64.339996,1934.550049,53.389999,432.76001,64.309998,144.779999,104.769997,54.27,58.43,84.769997,6067.830078
171.580002,157.100006,90.290001,116.459999,119.290001,51.91,136.660004,56.380001,180.369995,975.900024,62.73,247.679993,264,315.730011,86.290001,34.290001,120.339996,72.379997,117.269997,340.26001,48.049999,150.850006,34.580002,144.910004,36.5,54.330002,74.690002,19.459999,18.450001,49,91.779999,113.389999,36.740002,58.849998,150.729996,46.84,171.800003,127.389999,25.559999,26.23,71.610001,970.539978,38.84,92.959999,82.970001,37.040001,210.820007,114.040001,40.950001,148.619995,371.48999,106.309998,38.52,107.690002,30.26,5.72,31.18,23.16,225.419998,116.809998,15.4,41.09,56.830002,78.860001,203.330002,52.34,62.279999,54.66,196.020004,280.540009,198.679993,63.880001,1932.290039,54.25,426.51001,64.339996,144.5,105.209999,54.279999,58.299999,84.879997,6080.220215
171.830002,156.410004,89.860001,116.339996,119.940002,54,132.009995,55.299999,177.5,972.909973,61.810001,245.820007,263.040009,314.640015,84.790001,34.130001,119.559998,71.800003,115.559998,344.910004,47.349998,150.160004,34.299999,143.509995,36.830002,52.919998,74.25,19.26,18.18,49,91.610001,114.559998,36.68,61.16,147.899994,46.639999,170.600006,128.210007,25.43,26.129999,70.720001,973.330017,38.150002,94.400002,82.900002,37.029999,204.850006,114.550003,40.779999,149.460007,372.420013,106.230003,37.400002,106.709999,30.17,5.56,31.190001,22.950001,221.509995,116.330002,15.45,41.080002,56.5,78.629997,202.720001,51.450001,61.93,54.790001,193.770004,275.209991,193.660004,64.080002,1928.810059,53.84,421.929993,63.84,143.690002,104.57,54.16,57.919998,84.199997,6055.040039
173.75,157.410004,90.559998,117.300003,121.349998,53.34,126.07,55.93,176.520004,972.429993,62.060001,243.759995,260.619995,307.640015,82.529999,32.630001,99.989998,71.32,115.879997,316.290009,46.599998,151.550003,34.27,145.339996,36.27,52.349998,74.580002,19.34,18.27,47.919998,93.230003,115.830002,36.900002,58.93,147.350006,47.490002,170.630005,128.940002,25.700001,26.309999,70.629997,972.559998,38.18,94.93,81.470001,37.130001,208.309998,115.559998,41.349998,151.330002,372.359985,108.879997,36.810001,108.849998,30,5.58,30.99,23.040001,229,118.809998,15.37,40.91,56.75,78.760002,214,52.009998,61.73,54.919998,195.210007,276.059998,195.690002,64.589996,1939.290039,53.799999,416.040009,64.269997,138.240005,105.519997,54.91,57.349998,84.830002,6037.870117
177.330002,163.050003,91.209999,118.25,123.580002,53,128.619995,56.689999,175.279999,1100.949951,64.139999,252.899994,239.369995,307.73999,83.150002,32.869999,98.169998,65.309998,117.5,319.76001,47.130001,151.559998,34.43,143.149994,36.790001,52.540001,75.389999,19.08,17.98,46.490002,93.209999,116.889999,36.799999,62.189999,123.790001,47.189999,177.880005,130.179993,25.75,26.41,72.760002,1019.27002,36.900002,97.139999,76.550003,37.240002,210.039993,116.269997,44.400002,153.460007,373.779999,109.610001,37.360001,108.07,29.620001,5.54,30.49,22.700001,236.050003,118.870003,14,40.68,56.75,83.809998,217.039993,52.07,62.950001,55.639999,199.539993,283.529999,201.860001,65.400002,1890.920044,54.57,409.220001,63.82,142.169998,107.910004,54.880001,58.259998,84.940002,6213.470215
176.029999,166.720001,91.32,116.980003,123.910004,52.459999,127.809998,55.900002,174.589996,1110.849976,65.300003,261.230011,236.419998,315.799988,81.970001,32.32,100.970001,66.459999,116.489998,323.980011,47.009998,149.220001,34.040001,141.210007,36.5,51.599998,75.510002,18.98,17.93,48.389999,91.440002,117.580002,37,61.349998,120.209999,46.790001,179.869995,129.449997,25.75,26.389999,73.050003,1017.109985,36.68,95.470001,77.699997,37.209999,203.809998,114.239998,44.369999,151.449997,376.089996,105.260002,37.419998,107.349998,30.110001,5.51,30.93,22.32,234.5,118.519997,15.58,39.299999,56.830002,83.889999,213.789993,52.360001,59.580002,54.799999,198.369995,276.51001,203.839996,64.470001,1879.72998,54.66,406.519989,63.419998,145.759995,112,55.169998,60.490002,84.699997,6227.589844
175.160004,169.039993,91.300003,116.260002,124.959999,52.25,119.660004,56.43,175.220001,1105.280029,65.489998,263.910004,243.940002,311.660004,82.089996,32.380001,100.970001,67.519997,117.709999,334.170013,47.889999,149.039993,34.150002,147.490005,36.029999,50.43,75.669998,18.879999,17.809999,48.540001,91.25,119.599998,37.639999,61.290001,124.660004,46.970001,180.059998,129.429993,25.450001,26.15,73.690002,1016.640015,36.970001,92.589996,78.599998,37.849998,205.190002,113.25,45.490002,151.020004,375.359985,106.389999,37.52,108.889999,29.889999,5.44,30.85,22.719999,240.309998,119.480003,14.12,41.43,57.93,83.18,210.949997,52.540001,59.77,55.75,196.429993,281.920013,206.809998,63.790001,1911.959961,51.009998,402.619995,63.490002,147.630005,113.860001,54.84,60.259998,85.050003,6248.560059
176.25,166.889999,90.989998,115.400002,124.779999,52.689999,116.059998,55.709999,175.419998,1103.680054,65.330002,259.290009,245.429993,315.730011,80.919998,32.93,100.529999,65.489998,103.010002,338.220001,47.549999,147.119995,34.619999,151.550003,36.080002,50.150002,73.540001,19.16,18.09,48.77,91.120003,114.470001,37.540001,62.32,122.050003,46.779999,182.660004,125.519997,25.379999,25.98,73.040001,1025.5,36.959999,90.470001,77.239998,38.200001,207.740005,107.959999,46.709999,151.360001,376.040009,106.18,37.860001,105.150002,30.290001,5.44,31.34,22.6,239.020004,120.160004,13.55,41.27,57.799999,83.18,207.559998,52.330002,59.75,54.200001,198,275.970001,207.199997,64.139999,1913.060059,53.459999,397,63.48,145.75,111.32,55.130001,59.279999,89.879997,6248.649902
180.940002,168.110001,90.790001,114.339996,124.720001,52.290001,115.629997,56.259998,172.410004,1094.219971,65.449997,259.5,242.089996,309.399994,82.739998,32.41,98.199997,65.470001,106.620003,337.660004,46.459999,147.550003,34.209999,150.050003,35.150002,51.619999,74.360001,17.309999,16.26,48.27,92.550003,112.690002,37.400002,60.32,123.510002,47.580002,178.919998,126.580002,25.15,25.809999,72.480003,1025.579956,36.77,89.610001,76.300003,38.419998,208.820007,106.510002,47.099998,152.149994,379.75,107.379997,37.880001,106.379997,30.49,5.34,31.620001,22.5,236,119.639999,13.04,41.16,57.450001,84.050003,214.520004,52.34,58.299999,54.91,199.320007,276.100006,205.940002,64.540001,1911.140015,54.84,397.450012,64.360001,145.440002,111.760002,54.869999,59.66,91.019997,6236.390137
182.300003,172.5,91.809998,112.239998,124.849998,53.009998,117.949997,56.549999,173.440002,1111.599976,63.200001,273.630005,241.539993,314.140015,84.129997,32.650002,100.040001,65.43,105.650002,335.429993,46.400002,148.369995,34.470001,150.089996,35.68,51.310001,74.269997,16.52,15.39,48.07,93.75,113.199997,37.5,60.540001,123.050003,47.91,178.919998,127.029999,24.43,24.969999,72.800003,1032.47998,36.330002,90.690002,77.639999,39.560001,213.990005,105.080002,46.34,153.639999,384.25,107.220001,38.419998,106.300003,29.6,5.3,30.51,22.450001,267.350006,121.550003,13.12,40.970001,57.669998,84.139999,212.5,53.450001,58.91,55.029999,200.009995,280.519989,208.690002,63.990002,1894.48999,61.810001,408.410004,64.129997,146.190002,113.190002,56.029999,58.970001,91.029999,6295.580078
180.800003,174.25,92.279999,111.330002,123.82,53.740002,115.940002,56.330002,170.800003,1120.660034,60.869999,277.519989,244.529999,315.470001,82.959999,32.450001,101.639999,65.709999,105.209999,348.399994,45.91,147.570007,34.41,151.389999,35.540001,51.150002,74.779999,17.1,16.01,50.82,93.389999,112.459999,37.369999,60.619999,122.980003,48.060001,180.169998,127.769997,26.620001,27.450001,74.5,1025.900024,37.459999,91.010002,70.040001,39.060001,209.190002,105.43,46.700001,152.679993,384.829987,107.839996,39.009998,105.510002,29.639999,5.35,30.67,22.24,268.529999,121.980003,13.06,40.419998,57.52,84.470001,208.860001,54.790001,55.540001,55.259998,200.130005,309.690002,209.630005,64,1903,62.52,406.630005,64.139999,147.139999,116.330002,56.57,59.619999,91.099998,6313.609863
180.880005,174.809998,91.900002,112.75,123.400002,53.759998,117.419998,56.470001,173.479996,1123.170044,60.959999,271.320007,243.470001,313.570007,83.769997,32.299999,102.330002,65.919998,104.989998,343.01001,45.900002,147.869995,34.400002,152.190002,36.389999,51.82,74.650002,17.33,16.209999,50.07,93.620003,111.699997,37.41,60.599998,119.610001,48.040001,180.25,126.970001,27.040001,27.75,73.910004,1033.329956,37.119999,89.889999,71.010002,39.5,211.740005,108.139999,46.779999,152.509995,391.040009,106.650002,39.790001,107.5,29.68,5.34,30.540001,21.549999,265.630005,120.889999,13.06,41.209999,57.919998,84.269997,208.110001,54.709999,55.360001,55.360001,195.889999,306.589996,212.029999,64.269997,1645.719971,64.099998,404.390015,64.790001,144.690002,111.190002,57.220001,59.139999,92.290001,6320.779785
184.059998,176.240005,92,112.589996,123.839996,53.759998,115.389999,56.919998,173.580002,1132.880005,64.550003,272.399994,241.179993,312.579987,82.809998,32.619999,101.650002,66.279999,105.360001,337.899994,45.950001,149.610001,34.5,152.789993,36.209999,51.490002,74.379997,17.1,15.99,48.73,93.900002,114.150002,37.009998,61.299999,118.559998,48.470001,179.559998,128.820007,27.35,28.09,73.620003,1039.849976,37.709999,89.010002,70,39.540001,211.199997,104.980003,46.700001,152.960007,392.339996,104.360001,40.330002,107.080002,28.83,5.36,29.799999,21.540001,260.100006,119.980003,13.3,41.599998,58,84.559998,209.649994,55.330002,56.220001,55.560001,196.440002,314.179993,209.160004,64.550003,1661.109985,65.489998,415.170013,63.869999,141.309998,113.150002,57.91,60.639999,92.57,6345.810059
181.919998,175.880005,89.699997,111.970001,122.400002,53.849998,116.370003,55.48,174,1129.130005,63.310001,265.640015,240.059998,309.959991,82.400002,32.259998,102.459999,65.480003,103.629997,341.200012,45.900002,145.429993,34.049999,153.589996,36.560001,50.23,73.940002,17.17,16.1,50.299999,94.379997,111.889999,35.689999,60.75,117.32,47.540001,179.300003,128.880005,28.129999,28.700001,70.760002,1031.26001,37.41,88.690002,69.660004,39.650002,209.610001,102.989998,46.299999,152.410004,390,102,39.799999,102.400002,28.530001,5.31,29.6,23.27,266.410004,118.809998,13.93,41.349998,58.68,84.089996,211.089996,53.810001,56,56.889999,193.899994,312.859985,205.320007,64.760002,1703.140015,64.599998,406.209991,64.57,140.070007,111.120003,57.360001,61.880001,90.82,6312.209961
181.720001,174.669998,89.589996,111.089996,123.110001,54.259998,115.169998,56.360001,172.350006,1125.349976,63,264.959991,237.399994,310.440002,82.029999,32.450001,102.339996,65.309998,102.510002,338.440002,45.669998,146.100006,33.990002,154.029999,36.849998,50.080002,74.260002,17.190001,16.120001,50.810001,95.059998,112.75,35.970001,60.049999,120.739998,47.59,178.460007,128,28.07,28.84,71.870003,1028.069946,37.990002,91.449997,67.050003,38.970001,208.940002,104.760002,45.580002,153.300003,389.149994,101.849998,39.959999,102.440002,28.690001,5.34,29.719999,23.91,270.869995,120.110001,14.62,41.950001,61.16,83.870003,214.429993,53.540001,56.799999,55.23,192.020004,302.869995,216.139999,64.57,1697.25,64.57,404.540009,65.760002,140.360001,110.410004,57.040001,62.669998,90.209999,6309.069824
181.850006,173.970001,90.029999,111.529999,124.639999,53.52,113.449997,57.029999,171.5,1129.170044,63.619999,265.01001,237.369995,315.709991,81.059998,32.32,101.160004,65.470001,102.800003,343.720001,46.48,147.350006,33.950001,155.240005,37.25,49.75,74.559998,16.99,15.93,50.860001,93.690002,112.010002,35.849998,60.880001,120.279999,47.23,178.770004,128.160004,27.82,28.549999,72.330002,1025.75,37.66,96.830002,66.5,40.639999,209.139999,107.209999,45.75,154.889999,392.119995,102.580002,41.34,101.93,28.799999,5.5,29.76,23.43,267.079987,120.389999,17.639999,42.049999,62.200001,83.93,214.169998,53.459999,56.439999,55.27,195.080002,302.160004,212.630005,65.099998,1722.150024,66.489998,393.619995,64.910004,138.320007,110.300003,56.639999,61.330002,90.120003,6316.180176
181.320007,171.339996,90.440002,112.080002,123.870003,53.75,109.980003,56.419998,170.130005,1136.839966,64.029999,263.26001,234.919998,309.690002,81.410004,32.310001,98.860001,65.07,102.400002,336.809998,45.299999,149.199997,34.040001,153.600006,36.860001,49.400002,74.970001,16.280001,15.27,50.509998,93.449997,112.269997,35.220001,60.25,122.089996,47.470001,178.070007,129.729996,27.309999,28.030001,72.050003,1026,37.490002,95.980003,66.839996,39.619999,206.050003,105.120003,45.860001,155.210007,390.970001,102.470001,38.900002,102.150002,28.34,5.35,29.35,23.73,262.48999,123.059998,18.540001,42.529999,62.630001,84.050003,215.889999,53.66,56.540001,55.099998,195.710007,298.559998,214.179993,65.370003,1719.5,66,384.799988,64.470001,139.270004,111.209999,56.93,61.650002,91.110001,6293.640137
180.080002,169.080002,89.160004,110.660004,124.019997,54.009998,110.339996,55.77,169.380005,1126.689941,62.889999,265.600006,234.210007,310.279999,81.809998,32.119999,100.339996,64.779999,103.050003,334.220001,45.869999,149.5,34.110001,151.619995,37.18,48.630001,74.089996,16.719999,15.75,50.610001,93.089996,111.480003,35.299999,60.049999,121.169998,47.57,177.949997,128.520004,27.950001,28.73,70.940002,1020.909973,37.810001,94.75,67.970001,39.25,205.419998,105.239998,45.459999,153.860001,389.690002,101.540001,39.349998,102.949997,29.040001,5.38,30.07,23.57,263.540009,122.260002,18.32,41.950001,61.599998,82.980003,215.770004,53.220001,56.689999,55.07,192.119995,302.470001,209.979996,64.580002,1726.780029,65.610001,386.299988,64.610001,140.029999,108.889999,56.700001,62.84,90.830002,6258.359863
182.300003,171.100006,90.480003,111.029999,127,55.259998,110.330002,57.84,170.770004,1137.290039,64.129997,272.109985,239.320007,313.980011,82.559998,32.580002,103.349998,65.540001,103.010002,340.630005,46.830002,150.110001,35.880001,153.199997,37.07,50.119999,75.379997,16.76,15.72,50.5,94.629997,111.599998,35.619999,62.450001,122.040001,48.470001,179.589996,129.539993,28.6,29.32,72.669998,1032.5,39.119999,95.900002,69.510002,39.720001,208.509995,106.480003,45.650002,155.649994,393.799988,102.980003,40.220001,104.769997,28.77,5.4,29.83,24.219999,262.480011,124.379997,18.219999,42.189999,62,83.199997,219.660004,53.540001,59.799999,53.970001,195.509995,326.23999,211.610001,65.639999,1731.650024,66.110001,394.690002,65.690002,144.630005,110.059998,57.240002,63.299999,90.82,6339.140137
182.240005,170.149994,90.419998,111.059998,127.489998,55.439999,110.870003,56.490002,170,1129.880005,64.099998,271.859985,239.270004,313.970001,82.879997,32.509998,104.099998,65.400002,102.150002,341.540009,47.740002,148.919998,35.900002,152.279999,36.16,49.919998,72.910004,17.549999,16.459999,50.66,94.610001,108.82,35.580002,61.939999,123.949997,48.470001,179,128.389999,30.48,31.15,71.809998,1019.090027,39.419998,95.889999,69.120003,39.959999,209.020004,105.470001,44.630001,156.550003,392.480011,101.440002,40.25,101.650002,29.110001,5.46,30.139999,24.860001,269.730011,125.480003,18.68,42.299999,62.169998,82.400002,220.490005,53.509998,60.02,54.84,193.199997,367.5,211.360001,64.919998,1747.219971,66.720001,391.589996,72.25,147.369995,110,56.93,64.5,91.860001,6314.509766
182.339996,169.979996,93.07,110.529999,126.279999,55.380001,108.489998,57.619999,168.789993,1126.310059,63.93,274.880005,238.539993,309.459991,82.949997,32.529999,103.150002,65.730003,102.980003,338.369995,47.389999,148.25,36.5,156.960007,35.830002,49.709999,71.900002,17.360001,16.280001,50.009998,97.110001,107.639999,35.529999,61.419998,123.489998,48.110001,178.740005,128.320007,29.9,30.66,72.639999,1018.380005,39.849998,95.019997,67.5,40.189999,210.669998,98.949997,44.619999,157.779999,393.029999,101.720001,39.200001,102.510002,29.379999,5.43,30.379999,25.139999,265.839996,125.910004,18.73,42.110001,61.16,82.529999,220.380005,53.880001,60.299999,54.689999,194.100006,344.070007,214.080002,65.18,1754.02002,66.470001,385.220001,72.739998,141.369995,109.790001,56.810001,65.730003,92.529999,6308.609863
184.149994,173.139999,90.190002,110.559998,127.709999,55.68,108.050003,58.799999,169.839996,1139.48999,64.5,276.589996,244.300003,309.059998,82.910004,32.580002,104.5,66.68,103.949997,338.420013,48.110001,147.580002,36.650002,158.570007,36.419998,50.220001,71.769997,17.25,16.209999,50.040001,99.459999,107.709999,35.959999,61.189999,124.879997,48.450001,181.860001,128.270004,30.1,30.879999,73.209999,1034.48999,40.139999,95.050003,67.970001,40.599998,212.050003,98.949997,44.939999,151.789993,398.48999,103.220001,39.880001,104.730003,29.49,5.46,30.530001,25.139999,268.76001,127.620003,18.530001,42.32,61.27,83.720001,215.690002,54.209999,60.41,55.48,196.229996,345,216.050003,65.120003,1766.670044,66.669998,384.440002,72.669998,144.830002,110.25,57.259998,64.870003,93.580002,6378.629883
182.899994,174.960007,88.650002,110.209999,127.769997,55.689999,107.599998,57.68,169.960007,1156.160034,65.139999,275.369995,249.649994,309.799988,82.989998,32.450001,105.160004,70.029999,103.620003,334.269989,48.029999,147.360001,36.450001,158.690002,36.41,51.009998,71.709999,17.790001,16.719999,50.43,99.769997,107.32,35.939999,62.119999,126.980003,48.75,180.869995,127.709999,29.940001,30.610001,72.239998,1035.959961,40.330002,95.029999,69.949997,40.880001,215.350006,99,44.650002,151.630005,396.589996,104.010002,39.790001,104.470001,29.629999,5.44,30.639999,24.940001,265.890015,126.389999,18.809999,42.330002,61.27,83.110001,218.649994,53.52,61.349998,55.310001,196.320007,347.700012,214.929993,64.68,1759.189941,68.129997,387.540009,72.300003,149.779999,108.540001,57.139999,64.720001,93.82,6386.120117
184.460007,174.970001,89.150002,110.019997,129.5,55.790001,108.610001,57.91,170.119995,1186,66.029999,282.380005,249.419998,308.970001,82.709999,32.630001,104.5,70.57,104.019997,328.980011,47.639999,147.710007,36.490002,159.419998,35.869999,50.900002,72.269997,17.5,16.459999,49.869999,98.379997,107.940002,35.84,61.18,126.809998,49.07,182.779999,128.130005,29.780001,30.469999,72.879997,1040.609985,40.290001,94.650002,69.970001,40.869999,214.860001,98.779999,44.75,153.910004,398.149994,104.160004,39.209999,105.040001,29.690001,5.44,30.700001,24.82,271.380005,126.5,18.51,42.150002,61.75,83.260002,216.259995,53.849998,61.68,55.5,195.75,344.209991,216.960007,64.690002,1758.420044,68.910004,384.850006,71.32,147.860001,109.75,56.799999,64.290001,93.879997,6409.290039
185,174.089996,87.449997,110.139999,130.240005,55.349998,107.75,56.939999,169.710007,1195.829956,65.739998,284.619995,247.020004,311.730011,82.959999,32.630001,103.330002,69.519997,104.720001,321.839996,46.810001,147.960007,36.869999,158.490005,35.549999,50.66,72.400002,17.469999,16.389999,49.650002,98.199997,106.989998,35.990002,61.470001,126.68,48.950001,183.029999,128.160004,29.700001,30.389999,72.489998,1054.209961,39.080002,93.699997,69.889999,40.77,223.839996,97.860001,44.490002,154.770004,403.700012,103.639999,38.66,104.389999,29.01,5.44,29.92,24.309999,272.619995,126.93,18.23,42.470001,61.77,83.870003,216.339996,53.290001,62.779999,55.610001,195.050003,333.529999,214.139999,64.68,1763.400024,68.139999,374.529999,71.330002,146.210007,107.220001,55.91,64.720001,94.220001,6405.970215
185.399994,173.070007,87.07,111.220001,129.949997,55.360001,108.099998,57.330002,170.259995,1193.599976,65.970001,277.399994,244.029999,317.140015,82.559998,32.689999,103.989998,69.75,104.220001,325.890015,46.669998,152.029999,37.73,157.5,36.25,52.130001,72.870003,17.969999,16.870001,50.41,100.940002,109.470001,35.5,61.439999,125.68,50.400002,182.419998,128.410004,30.17,30.860001,72.169998,1047.410034,39.98,93.779999,70.5,40.450001,226.279999,95.830002,44.73,155.789993,402.230011,106.029999,38.57,107.160004,29.18,5.43,30.120001,24.34,269.839996,126.900002,18.24,42.610001,62.09,84.879997,228.470001,53.860001,61.380001,55.310001,199.179993,331.98999,210.710007,65.800003,1752.02002,68.379997,366,72.809998,149.509995,107.550003,56.66,67.75,95.230003,6422.560059
176.850006,169.479996,85.660004,113.330002,109.339996,55.34,107.370003,52.91,172.229996,1161.27002,62.009998,271.5,235.490005,319.959991,83.269997,32.580002,103.120003,69.769997,102.059998,331.670013,46.25,153.729996,37.48,156.070007,37.189999,54.439999,72.110001,18.870001,17.780001,51.279999,104.139999,105.489998,34.380001,62.860001,122.019997,51.240002,175.130005,128.720001,31.299999,32.099998,69.379997,1021.659973,38.75,92.839996,70.300003,42.27,227.479996,95.959999,43.950001,154.220001,394.299988,108.639999,37.830002,100.349998,31.27,5.48,32.279999,24.469999,267.700012,126.489998,18.24,42.939999,61.889999,83.339996,236.320007,52.110001,61.830002,55.290001,188.149994,324.420013,196.419998,66.580002,1734.449951,66.519997,358.630005,75.949997,149.539993,105.330002,57.509998,69.360001,94.980003,6311.379883
181.470001,171.850006,86.110001,114.459999,109.699997,55.779999,109.809998,52.77,175.660004,1176.75,62.400002,277.940002,238.580002,322.170013,85.800003,33.07,100.830002,70.690002,104.290001,326.209991,46.080002,157.440002,37.299999,158.080002,37.540001,55.75,72.279999,19.02,18.08,50.650002,102.760002,106.349998,34.669998,65.18,122.5,52.389999,177.179993,131.449997,31.15,31.940001,69.510002,1021.409973,38.560001,93.019997,71.449997,41.720001,230.029999,98.989998,44.84,157.220001,399.779999,111.139999,37.450001,102.239998,30.83,5.5,31.76,24.4,275.140015,127,18.25,42.939999,62.669998,84.169998,236.210007,52.330002,61.07,54.16,187.580002,328.709991,200.710007,67.309998,1739.709961,66.339996,361.859985,76.029999,148.75,104.739998,57.82,68.239998,96.419998,6365.560059
179.520004,171.050003,85.400002,113.75,107.059998,55.790001,108.959999,51.91,177.199997,1162.349976,61.959999,271.559998,235.070007,319.350006,85,33.189999,102.139999,70.169998,104.300003,336.269989,46.32,157.5,37.599998,159.009995,38.43,56.139999,71.360001,19.459999,18.4,50.32,103.010002,106.019997,35.200001,64.410004,122.699997,52.18,175.100006,130.410004,31.469999,32.189999,68.239998,1010.169983,39.110001,91.839996,70.660004,40.849998,225.240005,97.940002,44.68,156.440002,396.660004,109.010002,37.27,103.870003,30.790001,5.54,31.700001,24.719999,272.910004,126.860001,17.26,42.919998,62.919998,84.260002,234.399994,51.91,60.900002,54.810001,186.820007,323.899994,197.679993,66.870003,1735.300049,65.489998,373.470001,75.730003,148.25,102.230003,57.32,68.160004,95.639999,6337.870117
168.440002,169.800003,84.790001,114.809998,107.949997,56.439999,111.75,49.77,178.690002,1133.949951,58.599998,263.609985,229.660004,317.399994,83.620003,33.279999,102.610001,69.790001,102.650002,334,46.119999,158.710007,37.720001,158.070007,40.32,56.990002,70.32,20.85,19.52,51.599998,106.370003,100.830002,35.700001,68.160004,122.239998,54.880001,171.470001,132.240005,32.310001,33.09,68.160004,998.679993,39.200001,92.139999,71.209999,41.849998,213.449997,93.68,44.490002,154.539993,369.950012,110.199997,36.75,100.879997,31.309999,5.61,32.16,24.959999,271.730011,127.730003,16.85,43.110001,63.349998,81.080002,250.389999,51.41,60.240002,55.41,184.039993,328.910004,186.660004,67.610001,1723.23999,64.559998,378.369995,78.010002,145.339996,98.260002,58.759998,68.269997,96.010002,6263.700195
167.539993,169.639999,84.830002,115.68,106.589996,56.439999,108.900002,50.080002,178.669998,1141.569946,59.549999,261.649994,231.75,319.869995,80.760002,33.220001,102.559998,70.089996,103.589996,330.950012,45.950001,156.279999,37.310001,159.449997,39.52,55.790001,70.43,19.860001,18.57,52.029999,105.889999,103.379997,36.810001,67.839996,120.769997,53.889999,172.830002,130.880005,32.48,32.990002,68.419998,1005.150024,39.130001,91.110001,71.099998,41.889999,211.059998,93.709999,43.439999,154.470001,369.5,109.279999,37.299999,102.639999,30.879999,5.74,31.799999,24.799999,270.799988,127.529999,15.95,42.990002,63.049999,81.589996,250.210007,51.639999,60.959999,54.330002,184.210007,317.98999,187.740005,67.940002,1724.880005,64.690002,372.339996,77.019997,144.539993,97.599998,59.34,68.75,95.940002,6265.109863
173.520004,169.009995,85.410004,115.919998,106.919998,55.77,109.419998,51.009998,176.220001,1152.349976,60.75,263.890015,231.149994,314.660004,80.82,33.299999,102.169998,69.580002,103.540001,322.640015,45.279999,156.5,37.41,157.850006,38.630001,55.630001,71.5,19.440001,18.26,49.310001,105.519997,103.18,36.830002,68.57,119.169998,53.43,176.059998,130.559998,32.700001,33.209999,68.389999,1018.380005,39.18,90.809998,67.580002,41.439999,213.979996,93.790001,43.450001,156.190002,379.040009,110.410004,37.82,102.739998,30.32,5.6,31.200001,24.75,272.209991,127.300003,15.16,43.330002,63.27,82.779999,245.830002,51.5,62.119999,54.310001,185.300003,318.279999,189.259995,68.410004,1719.040039,64.980003,375.130005,76.790001,142.690002,96.470001,59.279999,67.010002,95.870003,6293.049805
174.610001,169.320007,86.110001,115.879997,109.610001,56.439999,106.779999,52.299999,173.960007,1159.790039,61.57,263.890015,233.009995,319.570007,80.900002,33.169998,102.730003,69.940002,103.529999,325.220001,43.759998,158,37.400002,158.919998,37.889999,56.16,71.610001,19.530001,18.34,48.950001,107.309998,104.370003,36.849998,67.410004,119.209999,53.84,180.139999,131.199997,33.77,34.18,69,1030.930054,39.580002,91.349998,67.57,41.68,214.669998,94.830002,43.080002,155.559998,383.779999,111.599998,38.130001,104.580002,30.35,5.63,31.24,24.950001,272.679993,127.849998,15.39,42.68,62.299999,82.489998,244.860001,52.16,61.919998,54.34,185.199997,320.350006,191.990005,68.529999,1719.619995,65.230003,373.609985,76.699997,143.360001,96.68,59.139999,66.480003,95.440002,6316.279785
173.570007,169.369995,85.519997,116.019997,107.160004,56.5,114.459999,51.43,175.410004,1162,62.43,259.910004,234.589996,325.769989,81.989998,33.48,106.089996,70.419998,104.779999,324.5,42.98,159.179993,37.610001,159.539993,37.950001,56.459999,71.82,19.66,18.4,48.59,108.669998,105.269997,37.650002,68.150002,117.540001,53.779999,179,131.720001,32.970001,33.299999,68.540001,1037.050049,40.490002,91.360001,67.900002,42.689999,217.649994,96.580002,43.349998,155.229996,379.609985,112.510002,38.009998,103.980003,29.870001,5.64,30.77,24.790001,276.450012,129.320007,15.04,42.650002,63.220001,84.160004,251.070007,51.889999,62.540001,55.029999,188.539993,321.51001,191.490005,69.010002,1719.839966,64.239998,380.779999,76.889999,148,96.279999,58.610001,67.660004,96.160004,6344.569824
174.309998,172.669998,85.800003,117.82,106.830002,56.549999,111.900002,51.619999,176.830002,1168.920044,63.169998,259.950012,233.539993,328.029999,88.110001,33.330002,108,70.129997,105.849998,331.48999,43.16,158.330002,37.959999,164.259995,38.439999,56.970001,71.559998,19.77,18.440001,49.43,107.07,107.919998,37.52,68.389999,117.830002,53.82,179.039993,131.830002,33.27,33.66,68.379997,1041.099976,40.470001,91.669998,68.32,43.82,214.110001,97.25,43.66,155.679993,373.549988,111.300003,38.459999,103.849998,30.709999,5.64,31.549999,24.52,288.799988,128.570007,15.37,42.869999,62.939999,85.230003,247.240005,52.189999,63.07,54.720001,186.220001,344.769989,194.660004,69.019997,1715.52002,65.18,381.320007,76.760002,148.5,96.980003,59.07,67.150002,94.32,6393.890137
172.539993,171.699997,85.480003,117.050003,106.330002,57.02,113.599998,50.470001,176.259995,1165.079956,64.400002,258.700012,232.729996,327.75,87.379997,33.490002,109.040001,70.360001,105.43,329.98999,43.34,157.190002,37.91,162.309998,39.509998,56.98,71.449997,19.65,18.32,49.630001,106.220001,107.660004,37.439999,68.559998,118.690002,52.959999,176.960007,131.199997,33.599998,34.099998,67.68,1040.47998,42.119999,92.019997,67.809998,43.57,212.639999,95.400002,43.330002,155.850006,370.48999,111.239998,38.560001,103.059998,31.129999,5.69,32,24.41,295.119995,128.759995,14.62,42.880001,62.91,85.580002,246.860001,51.450001,63.48,53.650002,185.729996,344.519989,190.839996,68.709999,1723.719971,64.860001,381.720001,76.410004,149.410004,96.470001,59.27,67.839996,94.599998,6383.649902
176.830002,172.270004,85.18,117.019997,106.019997,56.66,113.540001,50.759998,177.380005,1164.130005,64.599998,262.029999,233.240005,330.709991,88.660004,33.360001,108.199997,69.660004,106.43,329,43.59,157.289993,38.150002,164.850006,38.580002,57.689999,71.190002,19.790001,18.5,48.990002,105.589996,105.540001,37.400002,68.57,118.550003,53.110001,178.300003,130.809998,32.34,32.75,68.029999,1040.609985,42.080002,95.449997,68.699997,43.68,214.550003,98.099998,43.34,156.479996,371.079987,111.870003,40.799999,103.870003,30.77,5.69,31.700001,24.530001,318.940002,128.470001,15.59,42.939999,63.509998,85.349998,245.919998,51.189999,63.830002,53.16,187.860001,357.799988,186.179993,68.82,1742.609985,64.900002,386.670013,76.970001,147.309998,95.860001,59.490002,67.919998,94.410004,6394.669922
175,172.220001,85.440002,116.459999,106.25,56.759998,113.089996,51.310001,174.919998,1174.26001,65.029999,259.339996,231.820007,323.549988,88.529999,33.189999,108.239998,68.57,106.300003,328.679993,43.57,157.179993,37.900002,165,39.119999,57.310001,71.809998,20.040001,18.65,48.52,104.650002,106.419998,37.599998,69.019997,119.900002,52.540001,178.389999,129.899994,34.220001,34.880001,68.07,1049.150024,41.939999,95.870003,68.690002,42.959999,210.850006,95.970001,43.259998,156.190002,360.559998,111.389999,40.630001,104.419998,31.43,5.66,32.330002,24.1,321.01001,127.720001,16.24,42.77,63.130001,84.690002,241.449997,51.279999,62.560001,52.810001,189.559998,356.429993,186.470001,68.330002,1760.920044,64.699997,383.119995,75.510002,147.199997,94.089996,59.700001,66.779999,94.730003,6389.910156
177.509995,173.970001,86.690002,118.190002,108.400002,57.759998,115.760002,52.540001,177.039993,1179.140015,66.730003,265.730011,233.479996,327.940002,93.019997,33.709999,109.410004,69.419998,107.220001,322.309998,44.009998,158,38.189999,166.029999,39.709999,52.93,72.080002,21.040001,19.75,48.57,106.290001,109.279999,38.369999,71.550003,120.879997,53.279999,180.179993,131.960007,34.220001,34.990002,67.980003,1064.189941,42.02,94.07,70.160004,43.529999,216.550003,96.410004,44.560001,159.649994,369.869995,112.370003,40.32,105.629997,31.65,5.37,32.560001,24.82,318.910004,129.820007,15.48,43.380001,64.010002,86.849998,240.199997,52.459999,62.66,54,190.119995,355.790009,191.559998,69.769997,1760,64.760002,388.950012,75.959999,151.270004,94.629997,58.290001,68.419998,95,6466.319824
176.740005,176.419998,88.089996,118.639999,107.480003,65.669998,116.089996,53.400002,176.139999,1190.579956,66.010002,264.390015,240.929993,325.950012,92.599998,33.740002,108.040001,68.980003,105.5,323.230011,44.509998,159.880005,38.48,165.130005,39.540001,53.59,71.870003,21.639999,20.41,49.849998,109.099998,107.339996,38.18,73.379997,121.959999,53.709999,180.820007,132.339996,34.5,35.189999,69.540001,1077.140015,42.990002,91.550003,70.160004,43.360001,217.289993,93.559998,46.259998,161.130005,371.899994,112.830002,41.68,111.220001,31.889999,5.43,32.91,25.41,326.119995,133.339996,14.84,43.110001,64.029999,86.379997,245.880005,53.509998,63.470001,54.98,190.419998,363.399994,197.899994,70.25,1781.349976,65.379997,383.390015,77.559998,151.800003,95.839996,58.029999,69.199997,95.940002,6513.27002
174.970001,174.539993,87.949997,118.339996,105.389999,66.82,115.720001,52.959999,176.869995,1187.380005,64.900002,263.700012,235.619995,327.019989,90.849998,33.650002,107.059998,68.629997,104.940002,316.970001,44.32,158.990005,38.299999,166.139999,39.139999,54.849998,71.93,22.01,20.84,48.470001,109.169998,107,37.799999,73.660004,121.459999,53.330002,179.509995,132.160004,34.369999,35.060001,69.800003,1070.680054,42.18,91.669998,71.489998,43.490002,214.740005,95.019997,47.040001,159.880005,367.350006,112.739998,42.970001,111.620003,31.51,5.32,32.529999,26.23,329.279999,133.139999,15.1,43.25,64.209999,85.830002,243.029999,53.169998,63.639999,55.59,187.020004,361.869995,196.110001,69.260002,1780.619995,64.5,385.720001,78.540001,157.649994,95.68,58.009998,70.5,96,6480.669922
174.25,174.350006,88.650002,117.860001,105.029999,66.629997,118.349998,53.290001,177.110001,1177.619995,64.379997,265.640015,233.369995,333.470001,91.110001,33.549999,108.269997,68.519997,104.370003,316.380005,44.400002,159.089996,38.740002,168.949997,39.380001,55.41,72.709999,22.370001,21.120001,48.700001,108.919998,108.449997,37.93,73.989998,120.010002,53.549999,177.889999,131.589996,33.860001,34.27,68.989998,1064.949951,41.529999,91.110001,71.099998,43.439999,216.440002,94.029999,47.560001,159.350006,367.209991,112.75,42.16,112.449997,31.73,5.26,32.700001,26.459999,314.899994,133.839996,15.12,42.950001,64.019997,85.519997,242.050003,53.389999,62.900002,54.82,188.820007,362.429993,196.800003,69.199997,1774,64.599998,382.890015,79.610001,153.199997,97.43,57.73,72.970001,96.32,6472.47998
